customer_id,SeniorCitizen,tenure,MonthlyCharges,TotalCharges,Churn,gender_Male,Partner_Yes,Dependents_Yes,PhoneService_Yes,MultipleLines_No phone service,MultipleLines_Yes,InternetService_Fiber optic,InternetService_No,OnlineSecurity_No internet service,OnlineSecurity_Yes,OnlineBackup_No internet service,OnlineBackup_Yes,DeviceProtection_No internet service,DeviceProtection_Yes,TechSupport_No internet service,TechSupport_Yes,StreamingTV_No internet service,StreamingTV_Yes,StreamingMovies_No internet service,StreamingMovies_Yes,Contract_One year,Contract_Two year,PaperlessBilling_Yes,PaymentMethod_Credit card (automatic),PaymentMethod_Electronic check,PaymentMethod_Mailed check,tenure_group,charges_per_tenure,total_to_monthly_ratio,avg_monthly_charges,total_services,service_density,customer_value_segment,tenure_stability,tenure_monthly_interaction,tenure_total_interaction,services_charges_interaction,created_timestamp,updated_timestamp
7590-VHVEG,0.0,-1.2774445836787658,-1.160322916034919,-0.9942419353101232,0,0,1,0,0,1,0,0,0,0,0,0,1,0,0,0,0,0,0,0,0,0,0,1,0,1,0,-1.2614049134355578,0.1819259699970252,0.0,0.0041357783847054,0.0,0.1838043040864088,0,0.0,0.7350289097470539,0.3740893769646464,0.7023595278282515,2026-02-10T11:24:28.288127,2026-02-10T11:24:28.288127
5575-GNVDE,0.0,0.0663274190822359,-0.2596289419448805,-0.1732441257495936,0,1,0,0,1,0,0,0,0,0,1,0,0,0,1,0,0,0,0,0,0,1,0,0,0,0,1,0.3660130761828034,0.0169107013847993,0.4107416213676563,0.0322715910698743,0.0,0.187313245188834,0,0.0,0.4539025751029961,0.1303793746285886,0.7588096106569687,2026-02-10T11:24:28.288127,2026-02-10T11:24:28.288127
3668-QPYBK,0.0,-1.2367242199587354,-0.3626603559551802,-0.959674071202044,1,1,0,0,1,0,0,0,0,0,1,0,1,0,0,0,0,0,0,0,0,0,0,1,0,0,1,-1.2614049134355578,0.2194636862011814,0.0128712501423363,0.0193523214982442,0.0,0.1833253322019054,0,0.0,0.5412197344868086,0.3582607547424934,0.7523522211082962,2026-02-10T11:24:28.288127,2026-02-10T11:24:28.288127
7795-CFOCW,0.0,0.51425142000257,-0.7465354629935548,-0.194766263364777,0,1,0,0,0,1,0,0,0,0,1,0,0,0,1,0,1,0,0,0,0,1,0,0,0,0,0,0.3660130761828034,0.008130255555576,0.5427059829706254,0.0222092891247584,0.0,0.1870989398032475,0,0.0,0.3851547566851176,0.1135179382211806,0.7282932374672747,2026-02-10T11:24:28.288127,2026-02-10T11:24:28.288127
9237-HQITU,0.0,-1.2367242199587354,0.1973652331008032,-0.9404697022531112,1,0,0,0,1,0,0,1,0,0,0,0,0,0,0,0,0,0,0,0,0,0,0,1,0,1,0,-1.2614049134355578,0.2891618149108269,0.014615175941803,0.0297968126294306,0.1428571428571428,0.1800618997825995,0,0.0,0.4113688683025823,0.3537442694156767,0.7998209239911543,2026-02-10T11:24:28.288127,2026-02-10T11:24:28.288127
9305-CDSKC,0.0,-0.9924020376385532,1.1595456961969886,-0.6451859741727949,1,0,0,0,1,0,1,1,0,0,0,0,0,0,1,0,0,0,1,0,1,0,0,1,0,1,0,-1.2614049134355578,0.1341162249325948,0.0923366700238684,0.0590533929589723,0.1428571428571428,0.3899415734659085,0,0.0,0.2413866975840267,0.2543232874716196,0.9204282965292624,2026-02-10T11:24:28.288127,2026-02-10T11:24:28.288127
1452-KIOVK,0.0,-0.4223169455581282,0.8089065291619364,-0.14679948896704,0,1,0,1,1,0,1,1,0,0,0,0,1,0,0,0,0,0,1,0,0,0,0,1,1,0,0,-0.4476959186263772,0.0447912374610365,0.2665090066932045,0.0544361031765398,0.1428571428571428,0.189263357507079,0,0.0,0.3930838258534125,0.1443538889417298,0.8764763870205563,2026-02-10T11:24:28.288127,2026-02-10T11:24:28.288127
6713-OKOMC,0.0,-0.9109613101984924,-1.1636465100352518,-0.8741373704237511,0,0,0,0,0,1,0,0,0,0,1,0,0,0,0,0,0,0,0,0,0,0,0,0,0,0,1,-1.2614049134355578,0.0302803651662603,0.1167691119103968,0.0131543836577,0.0,0.195265144468786,0,0.0,0.6558710687978885,0.2839929087753892,0.7021512249395847,2026-02-10T11:24:28.288127,2026-02-10T11:24:28.288127
7892-POOKP,0.0,-0.1779947632379461,1.330710787214099,0.3373492744317471,1,0,1,0,1,0,1,1,0,0,0,0,0,0,1,0,1,0,1,0,1,0,0,1,0,1,0,0.3660130761828034,0.0415633668865282,0.3582426312874726,0.0690437577813632,0.1428571428571428,0.1884683961838796,1,0.0,0.4127237797034767,0.1211458664131793,0.941883494061948,2026-02-10T11:24:28.288127,2026-02-10T11:24:28.288127
6388-TABGU,0.0,1.206497603243086,-0.2862176939475386,0.5324391741681479,0,1,0,1,1,0,0,0,0,0,1,0,1,0,0,0,0,0,0,0,0,1,0,0,0,0,0,1.179722070991984,0.0077791336386381,0.7801512665664975,0.0332645894877654,0.0,0.1869388821525936,1,0.0,0.3923890052213215,0.2547231470527404,0.7571431875476339,2026-02-10T11:24:28.288127,2026-02-10T11:24:28.288127
9763-GRSKD,0.0,-0.7888002190384015,-0.4922805219681378,-0.7480728289670203,0,1,1,1,1,0,0,0,0,0,1,0,0,0,0,0,0,0,0,0,0,0,0,1,0,0,1,-0.4476959186263772,0.0409933400924009,0.1373566165939732,0.0236098665283214,0.0,0.1902465974576418,0,0.0,0.5299332260375103,0.2447763332138375,0.7442284084502889,2026-02-10T11:24:28.288127,2026-02-10T11:24:28.288127
7469-LKBCI,0.0,-0.6666391278783104,-1.522594662071134,-0.8631445247495343,0,1,0,0,1,0,0,0,1,1,0,1,0,1,0,1,0,1,0,1,0,0,1,0,1,0,0,-0.4476959186263772,0.0105517877543265,0.207365523392213,0.0072320509583827,1.0,0.2051280368262888,0,0.0,0.6474313337373165,0.2419858519186538,0.0116649617653439,2026-02-10T11:24:28.288127,2026-02-10T11:24:28.288127
8091-TTVAX,0.0,1.043616148362965,1.182810854199314,1.5006704790038297,0,1,1,0,1,0,1,1,0,0,0,0,0,0,1,0,0,0,1,0,1,1,0,0,1,0,0,1.179722070991984,0.017825313740475,0.7098748659864975,0.0627436577389294,0.1428571428571428,0.1873448102166302,2,0.0,0.6885614388772581,0.4303844922988492,0.9233445369705982,2026-02-10T11:24:28.288127,2026-02-10T11:24:28.288127
0280-XJGEX,0.0,0.6771328748826914,1.2941512532104444,1.2160043388136703,1,1,0,0,1,0,1,1,0,0,0,0,1,0,1,0,0,0,1,0,1,0,0,1,0,0,0,1.179722070991984,0.0224558242318643,0.6071608367288652,0.0659390738017347,0.1428571428571428,0.18751001958606,2,0.0,0.6214256553398207,0.2891446705416401,0.9373008305112772,2026-02-10T11:24:28.288127,2026-02-10T11:24:28.288127
5129-JLPIS,0.0,-0.3001558543980371,1.3539759452164248,0.1784165658888543,0,1,0,0,1,0,0,1,0,0,1,0,0,0,1,0,1,0,1,0,1,0,0,1,0,1,0,0.3660130761828034,0.0470717841930285,0.3122241034582837,0.0678000771100804,0.1428571428571428,0.1887964947242724,1,0.0,0.3809369516907998,0.1223807188581917,0.944799734503284,2026-02-10T11:24:28.288127,2026-02-10T11:24:28.288127
3655-SNQYZ,0.0,1.4915401492832987,1.611554480242174,2.478128710529918,0,0,1,1,1,0,1,1,0,0,1,0,1,0,1,0,1,0,1,0,1,0,1,0,1,0,0,1.179722070991984,0.0167954734483993,0.8771099618813838,0.074627346902025,0.1428571428571428,0.1872088898831466,3,0.0,0.9077860001449648,0.8354531220734774,0.9770866822466462,2026-02-10T11:24:28.288127,2026-02-10T11:24:28.288127
8191-XWSZG,0.0,0.7992939660427824,-1.4660935640654862,-0.5558083996047153,0,0,0,0,1,0,0,0,1,1,0,1,0,1,0,1,0,1,0,1,0,1,0,0,0,0,1,1.179722070991984,0.0015541120785667,0.6195613008630089,0.0072878130048751,1.0,0.1900235940973411,0,0.0,0.2374299934311922,0.0480834582811204,0.0399941546240356,2026-02-10T11:24:28.288127,2026-02-10T11:24:28.288127
9959-WOFKT,0.0,1.572980876723359,1.393859073220412,2.251693748830891,0,1,0,1,1,0,1,1,0,0,1,0,0,0,1,0,0,0,1,0,1,0,1,0,0,0,0,1.179722070991984,0.015108910704083,0.8703782279622685,0.0672394129475674,0.1428571428571428,0.1871892615007934,3,0.0,0.8681922861536678,0.8060999691891049,0.9497990038312883,2026-02-10T11:24:28.288127,2026-02-10T11:24:28.288127
4190-MFLUW,0.0,-0.9109613101984924,-0.3177918369506948,-0.774164281952812,1,0,1,1,1,0,0,0,0,0,0,0,0,0,1,0,1,0,0,0,0,0,0,0,1,0,0,-1.2614049134355578,0.058990654494458,0.1094123573614712,0.0279829417558641,0.0,0.195265144468786,0,0.0,0.5114070145900769,0.2666743902744785,0.7551643101052987,2026-02-10T11:24:28.288127,2026-02-10T11:24:28.288127
4183-MYFRB,0.0,-0.4630373092781585,0.8404806721650928,-0.1849874869919295,0,0,0,0,1,0,0,1,0,0,0,0,1,0,1,0,0,0,0,0,1,0,0,1,0,1,0,-0.4476959186263772,0.0475121792915341,0.2513013855877451,0.0543790193419534,0.1428571428571428,0.189466184252768,0,0.0,0.3841672811132443,0.1488532002448762,0.8804341419052265,2026-02-10T11:24:28.288127,2026-02-10T11:24:28.288127
8779-QRDMV,1.0,-1.2774445836787658,-0.8346107040023593,-0.9899154337997887,1,1,0,0,0,1,0,0,0,0,0,0,0,0,1,0,0,0,0,0,1,0,0,1,0,1,0,-1.2614049134355578,0.2427308656665675,0.0,0.0076652960773132,0.0,0.1838043040864088,0,0.0,0.6570207155384367,0.3730383675034958,0.7227732109176032,2026-02-10T11:24:28.288127,2026-02-10T11:24:28.288127
1680-VDCWW,0.0,-0.8295205827584318,-1.4943441130683104,-0.9181308271079156,0,1,1,0,1,0,0,0,1,1,0,1,0,1,0,1,0,1,0,1,0,1,0,0,0,0,0,-1.2614049134355578,0.0156193303105886,0.1176211133797174,0.0045915128120476,1.0,0.2228410468661032,0,0.0,0.6895342353175999,0.2773948156643008,0.0258295581946896,2026-02-10T11:24:28.288127,2026-02-10T11:24:28.288127
1066-JKSGK,0.0,-1.2774445836787658,-1.4827115340671475,-0.9985242888458624,1,1,0,0,1,0,0,0,1,1,0,1,0,1,0,1,0,1,0,1,0,0,0,0,0,0,1,-1.2614049134355578,0.1217415324465598,0.0,0.0006422761787568,1.0,0.1643130803427909,0,0.0,0.8122411019739507,0.3751296618394587,0.0316620390773615,2026-02-10T11:24:28.288127,2026-02-10T11:24:28.288127
3638-WEABW,0.0,1.043616148362965,-0.1615829189350794,0.5400105518112329,0,0,1,0,1,0,1,0,0,0,0,0,1,0,0,0,1,0,0,0,0,0,1,1,1,0,0,1.179722070991984,0.0093176761416062,0.7341659268922107,0.036177658087893,0.0,0.1869667874189208,1,0.0,0.4255156241747041,0.2397338985496858,0.7649545458726408,2026-02-10T11:24:28.288127,2026-02-10T11:24:28.288127
6322-HRPFA,0.0,0.6771328748826914,-0.171553700936076,0.3039071836758467,0,1,1,1,1,0,0,0,0,0,1,0,1,0,0,0,1,0,0,0,0,0,0,0,1,0,0,1.179722070991984,0.0115109430113467,0.6233870766601493,0.0361758756265194,0.0,0.1870493921036357,1,0.0,0.4353521374143099,0.1716974625090133,0.7643296372066403,2026-02-10T11:24:28.288127,2026-02-10T11:24:28.288127
6865-JZNKO,0.0,-0.0965540357978854,-0.3144682429503627,-0.3316912065719389,0,0,0,0,1,0,0,0,0,0,1,0,1,0,0,0,0,0,0,0,0,0,0,1,0,0,0,0.3660130761828034,0.0188555659589751,0.340535050665928,0.0289498677979918,0.0,0.1874438611344052,0,0.0,0.4628237546947327,0.1386547223068347,0.7553726129939656,2026-02-10T11:24:28.288127,2026-02-10T11:24:28.288127
6467-CHFZW,0.0,0.5956921474426307,1.1495749141959914,1.0892334297634156,1,1,1,1,1,0,1,1,0,0,0,0,1,0,0,0,0,0,1,0,1,0,0,1,0,1,0,0.3660130761828034,0.0224036023401753,0.5974107185475992,0.0646530508118491,0.1428571428571428,0.1875570384766494,2,0.0,0.5855188009484438,0.2559518355072072,0.919178479197261,2026-02-10T11:24:28.288127,2026-02-10T11:24:28.288127
8665-UTDHZ,0.0,-1.2774445836787658,-1.1486903370337564,-0.99408741739904,1,1,1,1,0,1,0,0,0,0,0,0,1,0,0,0,0,0,0,0,0,0,0,0,0,1,0,-1.2614049134355578,0.1840975734137945,0.0,0.0042618325880128,0.0,0.1838043040864088,0,0.0,0.7322429028110319,0.3740518409124624,0.7030885879385855,2026-02-10T11:24:28.288127,2026-02-10T11:24:28.288127
5248-YGIJN,0.0,1.6137012404433897,0.8471278601657575,1.804563062130219,0,1,1,0,1,0,1,0,0,0,1,0,1,0,1,0,1,0,1,0,1,0,1,1,1,0,0,1.179722070991984,0.0120606859037015,0.8881037709205276,0.0562341532886538,0.0,0.1868843353168572,2,0.0,0.7134238310708898,0.6863261865029168,0.8281744725830307,2026-02-10T11:24:28.288127,2026-02-10T11:24:28.288127
8773-HHUOZ,0.0,-0.6259187641582801,-0.0020504069191314,-0.5248385954261489,1,0,0,1,1,0,0,0,0,0,0,0,0,0,0,0,0,0,1,0,1,0,0,1,0,0,1,-0.4476959186263772,0.0413232662350847,0.2028917536547742,0.0371279650249607,0.0,0.188653913631185,0,0.0,0.4573717606012736,0.1950345042910799,0.7749530845286497,2026-02-10T11:24:28.288127,2026-02-10T11:24:28.288127
3841-NFECX,1.0,1.572980876723359,1.0498670941860242,1.9800512611463297,0,0,1,0,1,0,1,1,0,0,1,0,1,0,1,0,1,0,0,0,0,0,1,1,1,0,0,1.179722070991984,0.0133250936117367,0.8837303876179199,0.0610837660193883,0.1428571428571428,0.1871892615007934,3,0.0,0.7667460654748638,0.7248452042136315,0.90668030587725,2026-02-10T11:24:28.288127,2026-02-10T11:24:28.288127
4929-XIHVW,1.0,-1.2367242199587354,1.0216165451832002,-0.9272253098745368,0,1,1,0,1,0,0,1,0,0,0,0,0,0,1,0,0,0,1,0,1,0,0,1,1,0,0,-1.2614049134355578,0.3917442239315513,0.0115148562007075,0.0369999099612833,0.1428571428571428,0.1800618997825995,0,0.0,0.2202530533845518,0.3506294519489065,0.9031391567699134,2026-02-10T11:24:28.288127,2026-02-10T11:24:28.288127
6827-IEAUQ,0.0,-0.2187151269579764,0.0461417060856861,-0.1798883959261784,0,0,1,1,1,0,0,0,0,0,1,0,1,0,1,0,1,0,0,0,0,1,0,0,0,0,1,0.3660130761828034,0.0260358675789384,0.348937176349867,0.041606033451527,0.0,0.1875775633558398,0,0.0,0.4552390785955432,0.1400463764004386,0.7779734764143191,2026-02-10T11:24:28.288127,2026-02-10T11:24:28.288127
7310-EGVHZ,0.0,-1.2774445836787658,-1.481049737066981,-0.9985022148585648,0,1,0,0,1,0,0,0,1,1,0,1,0,1,0,1,0,1,0,1,0,0,0,0,0,0,0,-1.2614049134355578,0.1220517615060983,0.0,0.0006602839220865,1.0,0.1643130803427909,0,0.0,0.8118431009830904,0.3751242995462896,0.032495250632029,2026-02-10T11:24:28.288127,2026-02-10T11:24:28.288127
3413-BMNZE,1.0,-1.2774445836787658,-0.6484894399837534,-0.9874431472224552,0,1,0,0,1,0,0,0,0,0,0,0,0,0,0,0,0,0,0,0,0,0,0,0,0,0,0,-1.2614049134355578,0.2774765203348774,0.0,0.009682163330232,0.0,0.1838043040864088,0,0.0,0.6124446045620839,0.3724377906685526,0.7344381726829469,2026-02-10T11:24:28.288127,2026-02-10T11:24:28.288127
6234-RAAPL,0.0,1.6137012404433897,1.1678546811978192,2.1940585679967946,0,0,1,1,1,0,1,1,0,0,1,0,1,0,0,0,1,0,1,0,0,0,1,0,0,0,0,1.179722070991984,0.0137010751774255,0.9138112098202578,0.0649395404407457,0.1428571428571428,0.1871799060125031,3,0.0,0.8104575163398693,0.8058496805568619,0.9214698109725964,2026-02-10T11:24:28.288127,2026-02-10T11:24:28.288127
6047-YHPVI,0.0,-1.1145631287986444,0.1641292930974807,-0.8675151742344638,1,1,0,0,1,0,0,1,0,0,0,0,0,0,0,0,0,0,0,0,0,0,0,1,0,1,0,-1.2614049134355578,0.1408723244514328,0.0452712302778128,0.0314295146913172,0.1428571428571428,0.1731021655391271,0,0.0,0.4228342445545187,0.3164339105029542,0.7956548662178173,2026-02-10T11:24:28.288127,2026-02-10T11:24:28.288127
6572-ADKRS,0.0,0.5549717837226003,0.3336325871144251,0.5590824768363802,0,0,0,0,1,0,0,1,0,0,0,0,0,0,1,0,0,0,0,0,0,0,0,1,1,0,0,0.3660130761828034,0.0164682713704058,0.592751025409062,0.0477654753246023,0.1428571428571428,0.1875823948618821,1,0.0,0.4918450516197271,0.1915675673354034,0.8169017608618363,2026-02-10T11:24:28.288127,2026-02-10T11:24:28.288127
5380-WJKOV,0.0,0.0663274190822359,1.3822264942192488,0.559501882595035,1,1,0,0,1,0,1,1,0,0,0,0,1,0,1,0,0,0,1,0,1,0,0,1,0,1,0,0.3660130761828034,0.0344253477176004,0.4132315983215743,0.0664297076314243,0.1428571428571428,0.1880377257564566,1,0.0,0.474319584425338,0.1396215510922191,0.9483408836106204,2026-02-10T11:24:28.288127,2026-02-10T11:24:28.288127
8168-UQWWF,0.0,-0.8702409464784622,1.099721004191008,-0.5194083945509333,1,0,0,0,1,0,1,1,0,0,0,0,0,0,1,0,0,0,1,0,1,0,0,1,0,0,0,-1.2614049134355578,0.0979055997053532,0.131435410526514,0.0597376872054983,0.1428571428571428,0.1984959645102738,0,0.0,0.2777048270514595,0.2185205104157496,0.9129293925372556,2026-02-10T11:24:28.288127,2026-02-10T11:24:28.288127
8865-TNMNX,0.0,-0.9109613101984924,-0.505574897969467,-0.79740819057721,0,1,1,1,1,0,0,0,0,0,0,0,1,0,0,0,0,0,0,0,0,1,0,0,0,0,1,-1.2614049134355578,0.052616857453031,0.1097805601846576,0.0245352774420273,0.0,0.195265144468786,0,0.0,0.543478602262931,0.270700974505315,0.7433951968956215,2026-02-10T11:24:28.288127,2026-02-10T11:24:28.288127
9489-DEDVP,0.0,1.5322605130033289,0.1475113230958195,1.1436237344647615,0,0,1,1,1,0,1,0,0,0,1,0,1,0,0,0,0,0,1,0,0,0,1,1,1,0,0,1.179722070991984,0.0088137853511789,0.885985600968341,0.0428161574265666,0.0,0.1868938412473647,2,0.0,0.4995073529263154,0.4657940340005198,0.7843267145186582,2026-02-10T11:24:28.288127,2026-02-10T11:24:28.288127
9867-JCZSP,0.0,-0.6259187641582801,-1.462769970065154,-0.82277120198218,0,0,1,1,1,0,0,0,1,1,0,1,0,1,0,1,0,1,0,1,0,1,0,0,0,0,1,-0.4476959186263772,0.0110242280868263,0.2445263360762488,0.010122352611623,1.0,0.2031099567010006,0,0.0,0.6287868029776333,0.2304965433736521,0.0416605777333705,2026-02-10T11:24:28.288127,2026-02-10T11:24:28.288127
4671-VJLCL,0.0,1.2472179669631165,0.5014740841312036,1.1388116052338793,0,0,0,0,1,0,1,0,0,0,1,0,1,0,1,0,1,0,1,0,0,0,1,1,1,0,0,1.179722070991984,0.0122015904551442,0.7643722835058018,0.0480999954980641,0.0,0.1869325379023107,2,0.0,0.5743925164177052,0.402662869988556,0.806510972161678,2026-02-10T11:24:28.288127,2026-02-10T11:24:28.288127
4080-IIARD,0.0,-0.7888002190384015,0.3801629031190768,-0.5741298090617433,0,0,1,0,1,0,1,0,0,0,1,0,1,0,0,0,1,0,1,0,0,0,0,1,0,1,0,-0.4476959186263772,0.064260519557787,0.1516422329176861,0.043881440447964,0.0,0.1902465974576418,0,0.0,0.4009098474823283,0.2186846723515322,0.7989079167253379,2026-02-10T11:24:28.288127,2026-02-10T11:24:28.288127
3714-NTNFO,0.0,0.6771328748826914,0.6560212051466533,0.7173088177857488,0,0,0,0,1,0,1,1,0,0,0,0,0,0,0,0,0,0,0,0,1,0,0,1,0,1,0,1.179722070991984,0.0176907058773532,0.5773820894295184,0.0496658363096131,0.1428571428571428,0.18751001958606,1,0.0,0.540414055698782,0.2249295852591351,0.8573125212632058,2026-02-10T11:24:28.288127,2026-02-10T11:24:28.288127
5948-UJZLF,0.0,-1.2367242199587354,-0.5155456799704635,-0.9645965703694144,0,1,0,0,1,0,0,0,0,0,0,0,1,0,0,0,0,0,0,0,0,0,0,0,0,0,1,-1.2614049134355578,0.2004363038828212,0.0123758133187013,0.016675170323239,0.0,0.1833253322019054,0,0.0,0.5766686356409595,0.3594184285676431,0.742770288229621,2026-02-10T11:24:28.288127,2026-02-10T11:24:28.288127
7760-OYPDY,0.0,-1.2367242199587354,0.528062836133862,-0.9437808003477548,1,0,0,0,1,0,0,1,0,0,0,0,0,0,0,0,0,0,1,0,0,0,0,1,0,1,0,-1.2614049134355578,0.3303188701429321,0.0100502291077595,0.0279960382964674,0.1428571428571428,0.1800618997825995,0,0.0,0.3346913538495821,0.3545229737823692,0.8412731988358582,2026-02-10T11:24:28.288127,2026-02-10T11:24:28.288127
7639-LIAYI,0.0,0.7992939660427824,0.4981504901308715,0.8546531667515656,0,1,0,0,1,0,1,0,0,0,1,0,0,0,0,0,1,0,1,0,1,0,1,1,1,0,0,1.179722070991984,0.0153914988096794,0.6623257665663267,0.05070821962878,0.0,0.1870181183057276,1,0.0,0.5317813861601358,0.2624689973858406,0.8063026692730112,2026-02-10T11:24:28.288127,2026-02-10T11:24:28.288127
2954-PIBKO,0.0,1.4915401492832987,-0.0203301739209586,0.8706788815296407,0,0,1,1,1,0,1,0,0,0,1,0,0,0,1,0,1,0,0,0,0,0,1,1,1,0,0,1.179722070991984,0.0080913324064911,0.8337172518511773,0.0371604361303932,0.0,0.186898827252179,1,0.0,0.4514460191086951,0.379521125211361,0.7738074186409821,2026-02-10T11:24:28.288127,2026-02-10T11:24:28.288127
8012-SOUDQ,1.0,0.4328106925625091,0.8471278601657575,0.687310269048278,0,0,0,0,1,0,1,1,0,0,0,0,1,0,0,0,0,0,1,0,0,0,0,1,0,1,0,0.3660130761828034,0.0221721056555955,0.5301721533468592,0.0562280871683915,0.1428571428571428,0.1876671115345313,1,0.0,0.5258713883918897,0.1891335160631949,0.8812673534598939,2026-02-10T11:24:28.288127,2026-02-10T11:24:28.288127
9420-LOJKX,0.0,-0.7073594915983408,1.141265929195161,-0.3776933961001872,1,0,0,0,1,0,0,1,0,0,1,0,1,0,0,0,0,0,1,0,1,0,0,1,1,0,0,-0.4476959186263772,0.0735784709532106,0.1709629678905268,0.057600768330382,0.1428571428571428,0.1918685086871827,0,0.0,0.3057781049878507,0.1833696105145873,0.9181369647539268,2026-02-10T11:24:28.288127,2026-02-10T11:24:28.288127
6575-SUVOI,1.0,-0.3001558543980371,0.1574821050968162,-0.2336606289831905,0,0,1,0,1,0,1,0,0,0,1,0,0,0,0,0,1,0,1,0,0,0,0,1,1,0,0,0.3660130761828034,0.0298898670493587,0.3091324710469143,0.0419409576887292,0.0,0.1876926296727419,0,0.0,0.4482689337370312,0.1459015733720758,0.7849516231846587,2026-02-10T11:24:28.288127,2026-02-10T11:24:28.288127
7495-OOKFY,1.0,-0.9924020376385532,0.528062836133862,-0.7278309826150992,1,0,1,0,1,0,1,1,0,0,0,0,1,0,0,0,0,0,0,0,0,0,0,1,1,0,0,-1.2614049134355578,0.1079191043493453,0.0874686475024134,0.0440709505087187,0.1428571428571428,0.3899415734659085,0,0.0,0.3588800587490943,0.2699199606686787,0.8412731988358582,2026-02-10T11:24:28.288127,2026-02-10T11:24:28.288127
4667-QONEA,1.0,1.1250568758030253,0.3352943841145911,0.9599681601485298,0,0,1,1,1,0,0,0,0,0,1,0,1,0,1,0,1,0,0,0,1,1,0,1,1,0,0,1.179722070991984,0.0119458739813751,0.7472013019414172,0.0460073241329837,0.0,0.1869523000647305,2,0.0,0.5278548292579225,0.3379449187585256,0.7960958277283353,2026-02-10T11:24:28.288127,2026-02-10T11:24:28.288127
1658-BYGOY,1.0,-0.5851984004382497,1.0199547481830342,-0.2337047769577858,1,1,0,0,1,0,1,1,0,0,0,0,0,0,0,0,0,0,1,0,1,0,0,1,0,1,0,-0.4476959186263772,0.0590589345745478,0.2216049174251856,0.0598261462955386,0.1428571428571428,0.1903135983473323,0,0.0,0.3452264921544356,0.1585720034428565,0.9029308538812466,2026-02-10T11:24:28.288127,2026-02-10T11:24:28.288127
8769-KKTPH,0.0,1.2472179669631165,1.1595456961969886,1.7788468669284871,0,0,1,1,1,0,1,1,0,0,1,0,0,0,0,0,0,0,1,0,1,1,0,1,1,0,0,1.179722070991984,0.0160406750669329,0.795663234635167,0.0644166991806476,0.1428571428571428,0.18727631118341,2,0.0,0.7282716131964214,0.554463633709402,0.9204282965292624,2026-02-10T11:24:28.288127,2026-02-10T11:24:28.288127
5067-XJQFU,1.0,1.3693790581232073,1.4520219682262263,2.116645094544028,0,1,1,1,1,0,1,1,0,0,0,0,1,0,1,0,1,0,1,0,1,1,0,1,0,1,0,1.179722070991984,0.0168053954865509,0.8201229430314092,0.0694622269665508,0.1428571428571428,0.1872408624703923,3,0.0,0.8299183375901014,0.6837520948528649,0.9570896049346284,2026-02-10T11:24:28.288127,2026-02-10T11:24:28.288127
3957-SQXML,0.0,0.0663274190822359,-1.3231790220511994,-0.612604768921502,0,0,1,1,1,0,1,0,1,1,0,1,0,1,0,1,0,1,0,1,0,0,1,0,1,0,0,0.3660130761828034,0.0055651814931063,0.4447651159484909,0.0117900983137034,1.0,0.1923846091621923,0,0.0,0.4406769820196977,0.1248376882200299,0.1116503483254331,2026-02-10T11:24:28.288127,2026-02-10T11:24:28.288127
5954-BDFSG,0.0,1.6137012404433897,1.42044782522307,2.4598293750601874,0,0,0,0,1,0,1,1,0,0,0,0,0,0,1,0,1,0,1,0,1,0,1,1,1,0,0,1.179722070991984,0.0149929879733118,0.9197861171545914,0.0708796289253694,0.1428571428571428,0.1871799060125031,3,0.0,0.8868778280542986,0.8874060913479924,0.9531318500499582,2026-02-10T11:24:28.288127,2026-02-10T11:24:28.288127
0434-CSFON,0.0,0.5956921474426307,1.1877962451998123,1.070669206446114,0,0,1,0,1,0,1,1,0,0,0,0,0,0,1,0,0,0,1,0,1,0,0,1,0,1,0,0.3660130761828034,0.0227009051888997,0.5850878102619879,0.0640220294726732,0.1428571428571428,0.1875570384766494,2,0.0,0.5897874632161121,0.2538488980537218,0.9239694456365988,2026-02-10T11:24:28.288127,2026-02-10T11:24:28.288127
1215-FIGMP,0.0,1.1250568758030253,0.8354952811645947,1.398953545536378,0,1,0,0,1,0,1,1,0,0,0,0,1,0,0,0,0,0,1,0,0,0,0,1,0,0,0,1.179722070991984,0.0150074787984597,0.7611609890956199,0.0577489632017177,0.1428571428571428,0.1873158355082495,2,0.0,0.6333622625168616,0.4318636542955674,0.879809233239226,2026-02-10T11:24:28.288127,2026-02-10T11:24:28.288127
0526-SXDJP,0.0,1.6137012404433897,-0.7531826509942191,0.3002429017844411,0,1,1,0,0,1,0,0,0,0,1,0,1,0,1,0,0,0,0,0,0,0,1,0,0,0,0,1.179722070991984,0.0038757383876588,0.8853041312665293,0.022611969722323,0.0,0.1868843353168572,1,0.0,0.2292609351432881,0.2246992895756113,0.727876631689941,2026-02-10T11:24:28.288127,2026-02-10T11:24:28.288127
0557-ASKVU,0.0,-0.5851984004382497,-0.3443805889533529,-0.5848798408756862,0,0,1,1,1,0,0,0,0,0,0,0,0,0,1,0,1,0,0,0,0,1,0,1,1,0,0,-0.4476959186263772,0.0322486126923274,0.2118122879301988,0.0296698106501585,0.0,0.1884511814842718,0,0.0,0.4949149697841002,0.1976519982323929,0.7534978869959639,2026-02-10T11:24:28.288127,2026-02-10T11:24:28.288127
5698-BQJOH,0.0,-0.9516816739185228,0.9850570111795456,-0.6289615935090412,1,0,0,0,1,0,1,1,0,0,0,0,0,0,0,0,0,0,1,0,1,0,0,0,0,1,0,-1.2614049134355578,0.1138617143342824,0.1031510765409378,0.0551337074942225,0.1428571428571428,0.2185655964570477,0,0.0,0.2813723024159624,0.2463910535654053,0.8985564932192427,2026-02-10T11:24:28.288127,2026-02-10T11:24:28.288127
5122-CYFXA,0.0,-1.196003856238705,0.3502505571160864,-0.8996548997398044,0,0,0,0,1,0,0,0,0,0,0,0,1,0,0,0,1,0,1,0,1,0,0,1,0,1,0,-1.2614049134355578,0.2303217032850283,0.0286143624993752,0.0373420570845463,0.0,0.1826473447498217,0,0.0,0.3785939252418149,0.3371789297762596,0.7970331907273361,2026-02-10T11:24:28.288127,2026-02-10T11:24:28.288127
8627-ZYGSZ,0.0,0.5956921474426307,0.4698999411280475,0.6041354849108307,0,1,1,0,1,0,1,1,0,0,0,0,1,0,0,0,0,0,0,0,0,1,0,1,0,1,0,0.3660130761828034,0.017116782117207,0.5777955328160002,0.0481639605030163,0.1428571428571428,0.1875570384766494,1,0.0,0.5096108501886024,0.2010004044991259,0.8339825977325183,2026-02-10T11:24:28.288127,2026-02-10T11:24:28.288127
3410-YOQBQ,0.0,-0.0558336720778549,0.4798707231290441,0.0950431158657282,0,0,0,0,1,0,0,0,0,0,0,0,1,0,1,0,1,0,1,0,1,0,1,0,0,0,1,0.3660130761828034,0.0274318983468615,0.3897065663910065,0.0495963264203607,0.0,0.1874069822074585,1,0.0,0.4521078986095651,0.1315553908154857,0.8051570033853435,2026-02-10T11:24:28.288127,2026-02-10T11:24:28.288127
3170-NMYVV,0.0,0.7178532386027217,-1.4827115340671475,-0.5964466102196411,0,0,1,1,1,0,0,0,1,1,0,1,0,1,0,1,0,1,0,1,0,0,1,0,0,0,0,1.179722070991984,0.0016220571778071,0.5769401166802384,0.0065329268055852,1.0,0.1901864339749758,0,0.0,0.2575789811581737,0.0511437954443825,0.0316620390773615,2026-02-10T11:24:28.288127,2026-02-10T11:24:28.288127
7410-OIEDU,0.0,-0.9109613101984924,0.5014740841312036,-0.6156730531558716,0,1,0,0,1,0,0,1,0,0,1,0,0,0,1,0,0,0,0,0,0,0,0,1,0,0,1,-1.2614049134355578,0.0867984592858163,0.1290845363332222,0.0514912321389106,0.1428571428571428,0.2039415243163607,0,0.0,0.3714840701412534,0.2392186687384797,0.8379403526171885,2026-02-10T11:24:28.288127,2026-02-10T11:24:28.288127
2273-QCKXA,0.0,-1.2774445836787658,-0.5221928679711282,-0.9857655241878356,0,1,0,0,1,0,0,0,0,0,0,0,0,0,0,0,1,0,0,0,0,0,0,0,0,0,1,-1.2614049134355578,0.301053928859802,0.0,0.011050751823284,0.0,0.1838043040864088,0,0.0,0.5821965292567017,0.3720302563876982,0.7423536824522873,2026-02-10T11:24:28.288127,2026-02-10T11:24:28.288127
0731-EBJQB,0.0,0.7992939660427824,-1.4744025490663168,-0.5259202208037324,0,0,1,1,1,0,0,0,1,1,0,1,0,1,0,1,0,1,0,1,0,1,0,1,0,1,0,1.179722070991984,0.0014955782937481,0.669671285867716,0.0082079067583966,1.0,0.1900235940973411,0,0.0,0.2361848521759936,0.0526263635810216,0.0358280968506986,2026-02-10T11:24:28.288127,2026-02-10T11:24:28.288127
1891-QRQSA,1.0,1.287938330683147,1.5567151792366918,2.126644610789852,0,1,1,1,1,0,1,1,0,0,1,0,0,0,1,0,1,0,1,0,1,0,1,1,0,0,0,1.179722070991984,0.0180247987107024,0.7992046821421517,0.0720540601689496,0.1428571428571428,0.1872640743386875,3,0.0,0.8330276979270129,0.6534205312492225,0.97021268692064,2026-02-10T11:24:28.288127,2026-02-10T11:24:28.288127
8028-PNXHQ,0.0,1.206497603243086,-1.3464441800535252,-0.3784880596429018,0,1,1,1,1,0,1,0,1,1,0,1,0,1,0,1,0,1,0,1,0,0,1,1,0,0,0,1.179722070991984,0.0014957641152873,0.7371085714095342,0.009673302377165,1.0,0.1893897048722692,0,0.0,0.1525668915810802,0.0457272085320794,0.0999853865600893,2026-02-10T11:24:28.288127,2026-02-10T11:24:28.288127
5630-AHZIL,0.0,-1.196003856238705,-0.008697594919796,-0.9291015987948348,0,0,0,1,1,0,0,0,0,0,1,0,0,0,0,0,1,0,0,0,1,0,0,1,0,0,0,-1.2614049134355578,0.1968169648548723,0.0223429665786135,0.0253308922836819,0.0,0.1826473447498217,0,0.0,0.4590814209833085,0.3438761856908708,0.774536478751316,2026-02-10T11:24:28.288127,2026-02-10T11:24:28.288127
2673-CXQEU,1.0,0.9621754209229038,1.5201556452330371,1.7030447945484464,0,0,0,0,1,0,1,1,0,0,1,0,1,0,1,0,0,0,1,0,1,1,0,0,0,1,0,1.179722070991984,0.0207755801044833,0.6964494735587661,0.0709700960886865,0.1428571428571428,0.1873761901343542,2,0.0,0.731355756554279,0.4441721040458224,0.9656300233699692,2026-02-10T11:24:28.288127,2026-02-10T11:24:28.288127
6416-JNVRK,0.0,0.5549717837226003,-0.3028356639491999,0.1796527091775211,0,0,0,0,1,0,0,0,0,0,0,0,0,0,0,0,0,0,0,0,1,1,0,0,1,0,0,0.3660130761828034,0.0114121977617574,0.6039837946842765,0.0345937689376644,0.0,0.1870855797415468,1,0.0,0.4256216079006577,0.1515242545508768,0.7561016731042995,2026-02-10T11:24:28.288127,2026-02-10T11:24:28.288127
5590-ZSKRV,0.0,-0.9924020376385532,-0.3360716039525223,-0.7945164982412213,0,0,1,1,1,0,0,0,0,0,1,0,1,0,0,0,0,0,0,0,0,0,0,0,0,0,1,-1.2614049134355578,0.0720704130248985,0.0998743897807653,0.0319817521534259,0.0,0.28826516904356,0,0.0,0.5196604477118185,0.2825047763012416,0.7540186442176311,2026-02-10T11:24:28.288127,2026-02-10T11:24:28.288127
0191-ZHSKZ,1.0,-0.0965540357978854,0.3319707901142592,-0.0753239180973335,0,1,0,0,1,0,0,0,0,0,1,0,1,0,0,0,0,0,1,0,1,0,0,1,0,1,0,0.3660130761828034,0.0266413146144893,0.3477686974030417,0.042442895606401,0.0,0.1874438611344052,0,0.0,0.4511217001887845,0.133947543042722,0.7958875248396685,2026-02-10T11:24:28.288127,2026-02-10T11:24:28.288127
3887-PBQAO,0.0,0.51425142000257,-1.2916048790480432,-0.4703158468010176,0,0,1,1,1,0,1,0,1,1,0,1,0,1,0,1,0,1,0,1,0,1,0,1,1,0,0,0.3660130761828034,0.0037061194021577,0.5868257981685029,0.0124357821689413,1.0,0.1906701660775003,0,0.0,0.3326024930774718,0.0865714015481828,0.1274813678641139,2026-02-10T11:24:28.288127,2026-02-10T11:24:28.288127
5919-TMRGD,0.0,-1.2774445836787658,0.4848561141295422,-0.9723886878854756,1,0,0,1,1,0,0,1,0,0,0,0,0,0,0,0,0,0,1,0,0,0,0,1,0,1,0,-1.2614049134355578,0.4890527389401215,0.0,0.0219634442810408,0.1428571428571428,0.1810198435516063,0,0.0,0.3410079287953644,0.3687807067272021,0.8358573237305199,2026-02-10T11:24:28.288127,2026-02-10T11:24:28.288127
8108-UXRQN,0.0,-0.8702409464784622,-0.4723389579661444,-0.7578295313525703,0,0,1,1,0,1,0,0,0,0,1,0,0,0,0,0,0,0,1,0,1,0,0,0,0,1,0,-1.2614049134355578,0.048992817984786,0.1299942033655002,0.0273207479216063,0.0,0.1925423645657426,0,0.0,0.5341961834567849,0.2579764113803244,0.7454782257822901,2026-02-10T11:24:28.288127,2026-02-10T11:24:28.288127
9191-MYQKX,0.0,-1.0331224013585836,0.3452651661155883,-0.7880488199630175,1,0,1,0,1,0,0,1,0,0,0,0,0,0,1,0,0,0,0,0,0,0,0,1,0,0,0,-1.2614049134355578,0.1132877905741362,0.0716362288080704,0.0381253939193853,0.1428571428571428,0.1399415734659085,0,0.0,0.3902553973260823,0.2873864880548266,0.8183598810825043,2026-02-10T11:24:28.288127,2026-02-10T11:24:28.288127
9919-YLNNG,0.0,0.3920903288424788,1.2974748472107769,0.9030834948825526,0,0,0,0,1,0,0,1,0,0,0,0,1,0,1,0,1,0,1,0,1,0,0,1,0,0,0,0.3660130761828034,0.0266743622712443,0.5194004466249554,0.0658767921368979,0.1428571428571428,0.1876986545153401,1,0.0,0.5525093610581688,0.1998996493553571,0.937717436288611,2026-02-10T11:24:28.288127,2026-02-10T11:24:28.288127
0318-ZOPWS,0.0,0.6771328748826914,-1.4827115340671475,-0.5777057950039584,0,0,1,0,1,0,0,0,1,1,0,1,0,1,0,1,0,1,0,1,0,0,1,1,0,0,0,1.179722070991984,0.0017201138923122,0.6038312590937175,0.0074074251928329,1.0,0.1902737844806058,0,0.0,0.268898616276863,0.0581755834767024,0.0316620390773615,2026-02-10T11:24:28.288127,2026-02-10T11:24:28.288127
4445-ZJNMU,0.0,-0.9516816739185228,1.1479131171958254,-0.6018105891329637,0,1,0,0,1,0,1,1,0,0,0,0,1,0,0,0,0,0,1,0,1,0,0,1,1,0,0,-1.2614049134355578,0.1199422039012366,0.1053367269383015,0.0595636123533119,0.1428571428571428,0.2185655964570477,0,0.0,0.2523146940498814,0.2414773912966319,0.9189701763085942,2026-02-10T11:24:28.288127,2026-02-10T11:24:28.288127
4808-YNLEU,0.0,0.1070477828022663,-0.0868020539276038,-0.0293438025563828,0,0,1,0,1,0,0,0,0,0,1,0,0,0,0,0,0,0,1,0,0,1,0,1,0,0,0,0.3660130761828034,0.0181422615084592,0.4422522142742286,0.0377132166831737,0.0,0.1872865967345577,1,0.0,0.4553890510798723,0.1319671746287937,0.769641360867645,2026-02-10T11:24:28.288127,2026-02-10T11:24:28.288127
1862-QRWPE,0.0,0.636412511162661,-1.4660935640654862,-0.5407760142550334,0,0,1,1,1,0,0,0,1,1,0,1,0,1,0,1,0,1,0,1,0,0,1,0,0,0,0,0.3660130761828034,0.0019487970276292,0.6406089535562,0.0089232655756261,1.0,0.190365482232833,0,0.0,0.2822010599907338,0.0671184066665803,0.0399941546240356,2026-02-10T11:24:28.288127,2026-02-10T11:24:28.288127
2796-NNUFI,0.0,0.5549717837226003,-1.4893587220678115,-0.5981242332542606,0,0,1,1,1,0,0,0,1,1,0,1,0,1,0,1,0,1,0,1,0,0,1,1,0,0,1,0.3660130761828034,0.001986514846418,0.5804205942226709,0.0075936482474698,1.0,0.1905632855838944,0,0.0,0.3021658929779016,0.0694411708367112,0.0283291928586921,2026-02-10T11:24:28.288127,2026-02-10T11:24:28.288127
3016-KSVCP,0.0,-0.1372743995179157,-1.030702750021962,-0.5618566721242643,0,1,1,0,0,1,0,0,0,0,0,0,0,0,0,0,0,0,1,0,0,0,0,0,0,0,1,0.3660130761828034,0.0106795291317836,0.368943705379317,0.0176175755574897,0.0,0.1874842214077222,0,0.0,0.4836580825937178,0.1472315655113001,0.7104833404862587,2026-02-10T11:24:28.288127,2026-02-10T11:24:28.288127
4767-HZZHQ,0.0,-0.0965540357978854,0.5745931521385131,0.1272711373202593,0,1,1,1,1,0,0,1,0,0,0,0,1,0,1,0,0,0,0,0,0,0,0,0,0,0,0,0.3660130761828034,0.0295634722075614,0.3870834309343039,0.0531058032373275,0.1428571428571428,0.188298957647599,1,0.0,0.4467296694487629,0.1302276798357282,0.84710567971853,2026-02-10T11:24:28.288127,2026-02-10T11:24:28.288127
2424-WVHPL,1.0,-1.2774445836787658,0.3303089931140932,-0.9744415687041544,0,1,0,0,1,0,0,1,0,0,0,0,0,0,0,0,1,0,0,0,0,0,0,0,0,1,0,-1.2614049134355578,0.4602014364030429,0.0,0.0202887241513851,0.1428571428571428,0.1810198435516063,0,0.0,0.3780220209453716,0.3692793999919317,0.8164851550845026,2026-02-10T11:24:28.288127,2026-02-10T11:24:28.288127
7233-PAHHL,0.0,1.3693790581232073,0.639403235144992,1.5153055325821545,0,1,1,1,1,0,1,0,0,0,1,0,0,0,1,0,1,0,1,0,1,0,1,1,0,0,1,1.179722070991984,0.0122769772741832,0.8555689241280611,0.0548184375998097,0.0,0.1869148135458019,2,0.0,0.6212893622425147,0.5271595235395469,0.8151555420413524,2026-02-10T11:24:28.288127,2026-02-10T11:24:28.288127
6067-NGCEU,0.0,1.328658694403177,1.5384354122348645,2.130176448757471,0,0,0,0,1,0,1,1,0,0,1,0,1,0,1,0,0,0,1,0,1,0,0,1,1,0,0,1.179722070991984,0.0175985772475509,0.8041456974869866,0.0709494173403654,0.1428571428571428,0.1872522654560096,3,0.0,0.8403587775732282,0.6707806449519694,0.9679213551453048,2026-02-10T11:24:28.288127,2026-02-10T11:24:28.288127
9848-JQJTX,0.0,1.6137012404433897,1.2010906212011416,2.2855993933200414,0,1,0,0,1,0,1,1,0,0,0,0,1,0,1,0,0,0,1,0,1,0,1,1,0,0,0,1.179722070991984,0.0138710637032,0.9308593798165836,0.0669855161006904,0.1428571428571428,0.1871799060125031,3,0.0,0.8205128205128205,0.8339405805195546,0.9256358687459336,2026-02-10T11:24:28.288127,2026-02-10T11:24:28.288127
8637-XJIVR,0.0,-0.8295205827584318,0.4715617381282135,-0.5980138633177725,1,0,0,0,1,0,1,1,0,0,1,0,0,0,0,0,0,0,0,0,0,0,0,1,0,1,0,-1.2614049134355578,0.0720810191465922,0.1371687351898417,0.0447681733914814,0.1428571428571428,0.1956518351824343,0,0.0,0.3837930145974191,0.2268980511621597,0.8341909006211852,2026-02-10T11:24:28.288127,2026-02-10T11:24:28.288127
9803-FTJCG,0.0,1.572980876723359,0.0694068640880114,1.0890347638777371,0,1,1,1,1,0,1,0,0,0,1,0,1,0,0,0,1,0,0,0,0,1,0,1,1,0,0,1.179722070991984,0.008240784024856,0.8939694801970296,0.0408925838110387,0.0,0.1868890130610024,2,0.0,0.4775998326222339,0.4583208593221172,0.7794315966349871,2026-02-10T11:24:28.288127,2026-02-10T11:24:28.288127
0278-YXOOG,0.0,-1.1145631287986444,-1.4527991880641573,-0.957157636650115,1,1,0,0,1,0,0,0,1,1,0,1,0,1,0,1,0,1,0,1,0,0,0,0,0,0,1,-1.2614049134355578,0.0402546994744521,0.0562733130460181,0.0070530328041057,1.0,0.1326423682928742,0,0.0,0.7607119967110965,0.3354335843737332,0.0466598470613749,2026-02-10T11:24:28.288127,2026-02-10T11:24:28.288127
3212-KXOCR,0.0,0.7992939660427824,-1.4544609850643233,-0.5186137310082188,0,1,0,0,1,0,0,0,1,1,0,1,0,1,0,1,0,1,0,1,0,0,1,0,0,0,0,1.179722070991984,0.0016360593773127,0.6602328247505174,0.008432833665646,1.0,0.1900235940973411,0,0.0,0.2391731911884702,0.0537369261026371,0.0458266355067076,2026-02-10T11:24:28.288127,2026-02-10T11:24:28.288127
4598-XLKNJ,1.0,-0.3001558543980371,1.1213243651931677,0.1026807154707062,1,0,1,0,1,0,0,1,0,0,0,0,1,0,1,0,0,0,1,0,1,0,0,1,0,1,0,0.3660130761828034,0.0437308558595371,0.3130886385129011,0.063047418082083,0.1428571428571428,0.1887964947242724,1,0.0,0.3940292815331226,0.1267036271417323,0.9156373300899248,2026-02-10T11:24:28.288127,2026-02-10T11:24:28.288127
